id,first_name,last_name,id_phone
1,Angelique,Littlejohns,20
2,Tatiana,Reace,41
3,Creight,Daffern,94
4,Merrili,Guiver,85
5,Helaine,Villa,51
6,Renault,Stithe,49
7,Austin,Stansall,35
8,Tania,Keech,8
9,Uta,Chittem,91
10,Tremayne,O'Toole,51
11,Taddeo,Puve,40
12,Rod,Haslam,13
13,Robenia,Sowter,23
14,Herve,Harmer,41
15,Earl,Artrick,38
16,Kelila,Sey,89
17,Mala,Vasyukhichev,99
18,Fawnia,Benedicte,41
19,Garek,Salzen,31
20,Lari,Jorry,77
21,Jerry,Bertson,59
22,Thorsten,Brazier,97
23,Iona,Crowden,87
24,Arabelle,Woolis,14
25,Letisha,Lockyer,68
26,Alanna,Melburg,32
27,Stacy,Kopp,92
28,Warde,Zapata,73
29,Maxwell,Longina,61
30,Emalee,Cauthra,47
31,Franz,McReynolds,58
32,Kaylee,Mellish,5
33,Corey,Baleine,79
34,Shelden,Antonat,68
35,Rolland,Rojahn,10
36,Halsy,Torbett,53
37,Remington,Rosie,94
38,Andriette,Heffer,8
39,Holly-anne,Follett,60
40,Freemon,Cloke,25
41,Lauritz,Mar,77
42,Rivalee,Janssens,4
43,Grover,Dowber,47
44,Tanitansy,Mack,86
45,Giffie,Dunlea,70
46,Rutledge,Fauguel,52
47,Humfrid,Dampney,38
48,Berk,Pryn,47
49,Carlie,Fasson,6
50,Waylon,Breward,61
51,Fielding,Buckbee,42
52,Starr,Caser,36
53,Drake,Jillard,38
54,Jeremiah,De Domenicis,16
55,Ilise,Pullin,80
56,Salvidor,Cullabine,15
57,Fionnula,Clymo,48
58,Gilbertine,Luckes,85
59,Ephraim,Neate,77
60,Felike,Circuitt,26
61,Marthena,Besemer,47
62,Whitby,Verni,94
63,Maurits,Cuzen,17
64,Ezekiel,Abramchik,2
65,Kylie,Bissex,59
66,Broderick,Degg,29
67,Michel,Pavel,21
68,Fred,Wisker,50
69,Hamlin,Lakeman,20
70,Rustie,Brislen,40
71,Hershel,Rainsdon,25
72,Judith,Bickford,51
73,Riane,Sorton,95
74,Benedetta,Hoggin,63
75,Livy,Gloyens,58
76,Alphonse,Piser,56
77,Wynny,Sarchwell,89
78,Victoir,Elcoate,63
79,Colet,Birkby,68
80,Jourdain,Hallows,31
81,Karrie,Oldacre,66
82,Theobald,Theobold,77
83,Teddie,Pohling,43
84,Heida,Francino,11
85,Shauna,Callicott,64
86,Edouard,Beer,8
87,Orelle,Lashley,55
88,Chrysa,Perrinchief,88
89,Dorie,Elphinston,16
90,Ulberto,Birkin,48
91,Dory,Schreurs,92
92,Tallulah,Gregoletti,55
93,Carmon,Woltman,88
94,Curtice,Hill,5
95,Doy,Lewzey,1
96,Iago,Luisetti,92
97,Alfi,Sowman,1
98,Petronille,Stapels,66
99,Hilary,Mickelwright,56
100,Jory,Bridgewood,6
101,Stanislaus,Eckley,35
102,Ceil,McAtamney,45
103,Andre,Senchenko,91
104,Hana,Duker,86
105,Ingar,Shave,84
106,Cesaro,MacKereth,18
107,Tiffani,Sterte,23
108,Liana,Duck,28
109,Jessalin,Havis,74
110,Trenna,Ragdale,60
111,Rebecka,Purse,60
112,Rosemarie,Appleyard,63
113,Edna,Roddie,91
114,Cazzie,Maddocks,48
115,Ernesto,Darcy,69
116,Donnie,Dadswell,73
117,Grete,Yoakley,76
118,Kippy,Leale,85
119,Douglas,Dunthorne,33
120,Danya,Ingarfill,83
121,Trefor,Nelthrop,9
122,Addy,Dadd,83
123,Tricia,Kloisner,24
124,Doretta,Fender,38
125,Benn,Cormode,21
126,Jo-ann,Barkhouse,32
127,Rey,Koeppe,27
128,Roslyn,Matlock,22
129,Franni,Coulston,68
130,Nanine,Rableau,15
131,Gaile,Grouer,33
132,Bobinette,Napolitano,46
133,Skip,Gilvear,23
134,Daisey,Harradence,100
135,Kaitlyn,Robey,55
136,Benedicta,Gornal,77
137,Dame,Hallaways,22
138,Tull,O'Rourke,30
139,Alic,Dunstan,38
140,Donella,Fever,32
141,Graig,Stitcher,41
142,Cindra,Fuggle,19
143,Cassandry,Stranahan,8
144,Janel,Dundon,41
145,Blondelle,Beckett,98
146,Perl,Bikker,74
147,Rose,Mignot,26
148,Clerkclaude,Balderson,32
149,Celle,Gath,82
150,Dorelia,Deviney,29
151,Nevil,Housley,82
152,Tallia,Murrey,76
153,Damara,Fawloe,90
154,Ulberto,MacTrustie,50
155,Skippie,Kynston,16
156,Emmery,Boother,35
157,Wallache,Bodell,92
158,Meade,McDarmid,80
159,Egbert,Trickey,42
160,Billy,Morecombe,33
161,Donal,Sennett,61
162,Tabby,Joist,89
163,Reagan,Consadine,4
164,Saundra,Coll,22
165,Bobbie,Kirwood,16
166,Heywood,Montez,82
167,Abagael,Valett,2
168,Guinna,Chishull,20
169,Freddy,Stapele,2
170,Alidia,Eastbury,67
171,Farly,Van Vuuren,1
172,Ward,Springtorpe,25
173,Bibby,Maw,28
174,Kiri,Sennett,47
175,Gibby,Jaye,66
176,Jessi,Dutnall,65
177,Gabbi,Obispo,92
178,Denise,MacDaid,69
179,Loydie,Sturr,77
180,Kit,Kayser,1
181,Germaine,Whittuck,49
182,Fairlie,Taffley,16
183,Christi,Crenshaw,56
184,Brice,Kendle,74
185,Quinn,Cammoile,56
186,Felice,Clews,36
187,Derk,Hyland,81
188,Benoite,Eaden,2
189,Carmina,Fackrell,6
190,Alon,Menichelli,92
191,Chloette,Ream,56
192,Woodie,Boustead,24
193,Claiborn,Delap,25
194,Rudolph,Daintree,56
195,Asa,Heatlie,53
196,Bradford,Coy,20
197,Francyne,Tellenbrook,82
198,Courtney,Quayle,22
199,Helaine,Aires,48
200,Brocky,Langton,12
